{
  "properties": [
    {
      "name": "jwt.tokenHeader",
      "type": "java.lang.String",
      "description": "Description for jwt.tokenHeader."
    },
    {
      "name": "jwt.tokenHeader",
      "type": "java.lang.String",
      "description": "Description for jwt.tokenHeader."
    },
    {
      "name": "jwt.tokenHeader",
      "type": "java.lang.String",
      "description": "Description for jwt.tokenHeader."
    },
    {
      "name": "jwt.tokenHeader",
      "type": "java.lang.String",
      "description": "Description for jwt.tokenHeader."
    },
    {
      "name": "jwt.secret",
      "type": "java.lang.String",
      "description": "Description for jwt.secret."
    },
    {
      "name": "jwt.tokenHead",
      "type": "java.lang.String",
      "description": "Description for jwt.tokenHead."
    }
  ] }