<?xml version="1.0" encoding="UTF-8"?>
<!DOCTYPE mapper PUBLIC "-//mybatis.org//DTD Mapper 3.0//EN" "http://mybatis.org/dtd/mybatis-3-mapper.dtd">
<mapper namespace="com.example.server.mapper.MenuRoleMapper">

    <!-- 通用查询映射结果 -->
    <resultMap id="BaseResultMap" type="com.example.server.pojo.MenuRole">
        <id column="id" property="id" />
        <result column="mid" property="mid" />
        <result column="rid" property="rid" />
    </resultMap>

    <!-- 通用查询结果列 -->
    <sql id="Base_Column_List">
        id, mid, rid
    </sql>

    <!--更新角色菜单-->
    <insert id="insertRecord">
        insert into t_menu_role(mid,rid) values
        <foreach collection="mids" item="mid" separator=",">
            (#{mid},#{rid})
        </foreach>
    </insert>

</mapper>
