<?xml version="1.0" encoding="UTF-8"?>
<!DOCTYPE mapper PUBLIC "-//mybatis.org//DTD Mapper 3.0//EN" "http://mybatis.org/dtd/mybatis-3-mapper.dtd">
<mapper namespace="com.example.server.mapper.RoleMapper">

    <!-- 通用查询映射结果 -->
    <resultMap id="BaseResultMap" type="com.example.server.pojo.Role">
        <id column="id" property="id" />
        <result column="name" property="name" />
        <result column="nameZh" property="nameZh" />
    </resultMap>

    <!-- 通用查询结果列 -->
    <sql id="Base_Column_List">
        id, name, nameZh
    </sql>

    <!--根据用户id查询用户列表-->
    <select id="getRole" resultType="com.example.server.pojo.Role">
        SELECT
            r.id,
            r.`name`,
            r.nameZh
        FROM
            t_role as r
                left join t_admin_role as ar on r.id =ar.rid
        where ar.adminId=#{adminId}

    </select>

</mapper>
