<?xml version="1.0" encoding="UTF-8"?>
<!DOCTYPE mapper PUBLIC "-//mybatis.org//DTD Mapper 3.0//EN" "http://mybatis.org/dtd/mybatis-3-mapper.dtd">
<mapper namespace="com.example.server.mapper.SalaryAdjustMapper">

    <!-- 通用查询映射结果 -->
    <resultMap id="BaseResultMap" type="com.example.server.pojo.SalaryAdjust">
        <id column="id" property="id" />
        <result column="eid" property="eid" />
        <result column="asDate" property="asDate" />
        <result column="beforeSalary" property="beforeSalary" />
        <result column="afterSalary" property="afterSalary" />
        <result column="reason" property="reason" />
        <result column="remark" property="remark" />
    </resultMap>

    <!-- 通用查询结果列 -->
    <sql id="Base_Column_List">
        id, eid, asDate, beforeSalary, afterSalary, reason, remark
    </sql>

</mapper>
