<?xml version="1.0" encoding="UTF-8"?>
<!DOCTYPE mapper PUBLIC "-//mybatis.org//DTD Mapper 3.0//EN" "http://mybatis.org/dtd/mybatis-3-mapper.dtd">
<mapper namespace="com.example.mapper.AdminMapper">

    <!-- 通用查询映射结果 -->
    <resultMap id="BaseResultMap" type="com.example.pojo.Admin">
        <id column="id" property="id" />
        <result column="name" property="name" />
        <result column="phone" property="phone" />
        <result column="telephone" property="telephone" />
        <result column="address" property="address" />
        <result column="enabled" property="enabled" />
        <result column="username" property="username" />
        <result column="password" property="password" />
        <result column="userFace" property="userFace" />
        <result column="remark" property="remark" />
    </resultMap>

    <!-- 通用查询结果列 -->
    <sql id="Base_Column_List">
        id, name, phone, telephone, address, enabled, username, password, userFace, remark
    </sql>

</mapper>
