<?xml version="1.0" encoding="UTF-8"?>
<!DOCTYPE mapper PUBLIC "-//mybatis.org//DTD Mapper 3.0//EN" "http://mybatis.org/dtd/mybatis-3-mapper.dtd">
<mapper namespace="com.example.mapper.EmployeeTrainMapper">

    <!-- 通用查询映射结果 -->
    <resultMap id="BaseResultMap" type="com.example.pojo.EmployeeTrain">
        <id column="id" property="id" />
        <result column="eid" property="eid" />
        <result column="trainDate" property="trainDate" />
        <result column="trainContent" property="trainContent" />
        <result column="remark" property="remark" />
    </resultMap>

    <!-- 通用查询结果列 -->
    <sql id="Base_Column_List">
        id, eid, trainDate, trainContent, remark
    </sql>

</mapper>
