<?xml version="1.0" encoding="UTF-8"?>
<!DOCTYPE mapper PUBLIC "-//mybatis.org//DTD Mapper 3.0//EN" "http://mybatis.org/dtd/mybatis-3-mapper.dtd">
<mapper namespace="com.example.server.mapper.MenuMapper">

    <!-- 通用查询映射结果 -->
    <resultMap id="BaseResultMap" type="com.example.server.pojo.Menu">
        <id column="id" property="id" />
        <result column="url" property="url" />
        <result column="path" property="path" />
        <result column="component" property="component" />
        <result column="name" property="name" />
        <result column="iconCls" property="iconCls" />
        <result column="keepAlive" property="keepAlive" />
        <result column="requireAuth" property="requireAuth" />
        <result column="parentId" property="parentId" />
        <result column="enabled" property="enabled" />
    </resultMap>

    <!-- 通用查询结果列 -->
    <sql id="Base_Column_List">
        id, url, path, component, name, iconCls, keepAlive, requireAuth, parentId, enabled
    </sql>

</mapper>
