<?xml version="1.0" encoding="UTF-8"?>
<!DOCTYPE mapper PUBLIC "-//mybatis.org//DTD Mapper 3.0//EN" "http://mybatis.org/dtd/mybatis-3-mapper.dtd">
<mapper namespace="com.example.mapper.SysMsgMapper">

    <!-- 通用查询映射结果 -->
    <resultMap id="BaseResultMap" type="com.example.pojo.SysMsg">
        <id column="id" property="id" />
        <result column="mid" property="mid" />
        <result column="type" property="type" />
        <result column="adminid" property="adminid" />
        <result column="state" property="state" />
    </resultMap>

    <!-- 通用查询结果列 -->
    <sql id="Base_Column_List">
        id, mid, type, adminid, state
    </sql>

</mapper>
